time,rssi,remrssi,noise,remnoise,rxerrors,fixed
1668087906.6741977,-70,-66,21,43,7,0
1668087907.2137723,-65,-60,20,48,7,0
1668087907.6741095,-65,-58,19,41,7,0
1668087908.2839417,-64,-61,19,46,7,0
1668087908.834125,-66,-60,21,41,7,0
1668087909.1939893,-68,-60,18,32,7,0
1668087909.7542048,-72,-61,22,42,7,0
1668087910.2139065,-78,-66,18,38,7,0
1668087910.81418,-83,-73,19,41,7,0
1668087911.3142116,-75,-75,22,44,7,0
1668087911.7240913,-77,-73,19,40,7,0
1668087912.2941298,-82,-76,21,37,7,0
1668087912.7542071,-81,-80,20,41,7,0
1668087913.3541346,-80,-76,21,41,7,0
1668087913.8237047,-79,-76,20,42,7,0
1668087914.2737916,-80,-75,19,42,7,0
1668087914.8342295,-80,-75,20,40,7,0
1668087915.2937648,-74,-74,20,42,7,0
1668087915.8946376,-71,-70,19,39,7,0
1668087916.3441234,-63,-62,18,40,7,0
1668087916.8140938,-60,-59,21,40,7,0
1668087917.3643472,-62,-58,21,43,7,0
1668087917.8341863,-72,-64,18,50,7,0
1668087918.3038943,-69,-63,21,35,7,0
1668087918.8943172,-68,-61,20,50,7,0
1668087919.384109,-67,-61,18,50,7,0
1668087919.8342485,-67,-63,19,48,7,0
1668087920.3739312,-67,-65,19,54,7,0
1668087920.8345737,-66,-65,21,54,7,0
1668087921.4442573,-63,-64,23,43,7,0
1668087921.9544034,-63,-64,21,46,7,0
1668087922.354251,-62,-61,23,48,7,0
1668087922.9140832,-62,-59,20,48,7,0
1668087923.3742278,-62,-59,19,48,7,0
1668087923.9743755,-61,-58,20,49,7,0
1668087924.4943926,-60,-57,19,54,7,0
1668087924.893757,-60,-56,20,52,7,0
1668087925.4543622,-61,-56,20,52,7,0
1668087925.9139457,-63,-58,19,52,7,0
1668087926.5139563,-64,-61,20,36,7,0
1668087926.984225,-70,-62,20,42,7,0
1668087927.434237,-75,-65,19,46,7,0
1668087928.0043297,-89,-65,20,46,7,0
1668087928.46412,-79,-71,18,47,7,0
1668087929.0742948,-74,-70,22,45,7,0
1668087929.514276,-69,-65,19,39,7,0
1668087929.9840398,-65,-65,20,39,7,0
1668087930.5343118,-59,-60,18,52,7,0
1668087931.0041754,-58,-56,17,45,7,0
1668087931.60447,-61,-58,21,51,7,0
1668087932.0640874,-61,-58,20,49,7,0
1668087932.554169,-67,-58,18,49,7,0
1668087933.0742657,-79,-62,20,44,7,0
1668087933.5441263,-88,-70,21,47,7,0
1668087934.1243298,-96,-73,19,41,7,0
1668087934.6243792,-98,-75,20,48,7,0
1668087935.154197,-98,-75,20,48,7,0
1668087935.614557,-95,-78,20,50,7,0
1668087936.074117,-98,-79,20,69,7,0
1668087936.6941826,-98,-83,21,44,7,0
1668087937.1339989,-94,-83,20,44,7,0
1668087937.674359,-93,-84,18,40,7,0
1668087938.1641033,-91,-84,21,36,7,0
1668087938.6240902,-95,-82,20,39,7,0
1668087939.0741875,-94,-82,19,48,7,0
1668087939.6742723,-94,-83,19,56,7,0
1668087940.1341295,-93,-83,21,44,7,0
1668087940.6142256,-94,-82,20,48,7,0
1668087941.1540828,-95,-81,19,44,7,0
1668087941.824373,-95,-82,20,57,7,0
1668087942.234522,-93,-82,19,57,7,0
1668087942.6943274,-95,-82,20,43,7,0
1668087943.1742432,-97,-83,19,45,7,0
1668087943.6942434,-97,-85,20,44,7,0
1668087944.3643286,-98,-89,20,44,7,0
1668087944.7843404,-98,-89,19,44,7,0
1668087945.2340837,-97,-90,18,67,7,0
1668087945.784175,-100,-89,20,41,7,0
1668087946.234261,-101,-88,21,39,7,0
1668087946.8843806,-97,-91,20,44,7,0
1668087947.3940623,-100,-91,19,38,7,0
1668087947.774084,-101,-91,19,38,7,0
1668087948.3145845,-99,-90,21,45,7,0
1668087948.774081,-100,-93,18,44,7,0
1668087949.3842382,-99,-92,22,36,7,0
1668087949.8443532,-103,-92,22,45,9,0
1668087950.2942421,-99,-93,19,48,9,0
1668087950.8541164,-96,-93,21,40,9,0
1668087951.3141434,-98,-93,19,48,9,0
1668087951.91475,-100,-94,19,46,9,0
1668087952.394283,-104,-94,19,42,10,0
1668087952.874022,-101,-94,19,41,10,0
1668087953.3941307,-98,-93,21,68,10,0
1668087953.8540363,-100,-92,21,50,10,0
1668087954.4443898,-103,-92,20,50,11,0
1668087954.9740436,-104,-93,19,47,12,0
1668087955.384229,-101,-94,20,45,12,0
1668087955.9241734,-99,-92,20,40,12,0
1668087956.3843632,-100,-91,19,45,12,0
1668087956.854065,-103,-91,21,48,12,0
1668087957.5244005,-103,-91,19,37,12,0
1668087958.0041652,-103,-91,20,37,12,0
1668087958.4042225,-102,-92,20,36,12,0
1668087958.9143083,-101,-91,22,42,12,0
1668087959.534341,-101,-91,17,43,12,0
1668087960.0141044,-101,-91,19,36,12,0
1668087960.4740512,-101,-91,19,45,12,0
1668087961.014071,-103,-91,19,45,13,0
1668087961.4741406,-105,-91,19,45,16,0
1668087962.0639155,-106,-91,20,45,18,0
1668087962.5338864,-107,-94,20,49,18,0
1668087963.0844626,-108,-94,20,49,19,0
1668087963.5444455,-108,-94,20,49,19,0
1668087964.014268,-108,-94,21,49,19,0
1668087964.4741015,-109,-94,20,49,19,0
1668087965.1641042,-109,-94,20,49,20,0
1668087965.6243424,-110,-94,20,49,20,0
1668087966.0941818,-110,-94,17,49,20,0
1668087966.5542202,-111,-120,20,0,20,0
1668087967.023921,-111,-120,19,0,20,0
1668087967.714042,-111,-96,19,36,21,0
1668087968.1742835,-111,-96,21,36,21,0
1668087968.6339788,-111,-96,20,36,22,0
1668087969.1141186,-109,-96,20,36,23,0
1668087969.7343376,-107,-97,21,41,24,0
1668087970.1643665,-104,-98,20,37,24,0
1668087970.6742249,-106,-98,19,59,26,0
1668087971.0942051,-105,-98,21,44,26,0
1668087971.6541424,-105,-98,19,38,27,0
1668087972.094291,-106,-98,20,47,28,0
1668087972.724231,-106,-98,19,44,29,0
1668087973.1840081,-104,-97,19,36,29,0
1668087973.6542153,-103,-96,18,53,29,0
1668087974.1741464,-103,-96,21,56,29,0
1668087974.6443098,-103,-96,19,56,29,0
1668087975.2537746,-106,-98,21,53,31,0
1668087975.7139773,-106,-97,21,47,32,0
1668087976.264211,-105,-97,21,47,32,0
1668087976.7241237,-105,-97,19,47,33,0
1668087977.184232,-105,-97,20,47,34,0
1668087977.8341823,-103,-96,18,39,34,0
1668087978.2541716,-104,-96,19,42,34,0
1668087978.6939316,-104,-96,18,51,34,0
1668087979.2540483,-102,-96,20,51,34,0
1668087979.71395,-101,-93,19,34,34,0
1668087980.3245666,-99,-92,21,43,34,0
1668087980.7743075,-101,-91,19,42,34,0
1668087981.3243139,-103,-92,21,35,34,0
1668087981.79396,-102,-92,19,35,34,0
1668087982.264398,-103,-92,21,41,34,0
1668087982.854214,-104,-93,21,34,34,0
1668087983.3340843,-104,-94,21,51,34,0
1668087983.8646317,-104,-94,20,51,34,0
1668087984.3442607,-105,-94,20,43,36,0
1668087984.8041544,-102,-94,22,45,36,0
1668087985.4441633,-100,-92,20,38,36,0
1668087985.8541713,-98,-92,20,38,36,0
1668087986.3442142,-97,-90,18,40,36,0
1668087986.8741739,-99,-90,19,35,36,0
1668087987.3441439,-101,-90,19,47,36,0
1668087987.9742901,-104,-93,24,47,36,0
1668087988.4341497,-104,-93,19,47,36,0
1668087988.8640811,-105,-93,17,47,37,0
1668087989.4042466,-105,-95,20,43,37,0
1668087989.874193,-106,-95,21,43,39,0
1668087990.5741332,-107,-95,22,43,43,0
1668087991.044125,-108,-95,20,43,44,0
1668087991.4842136,-109,-95,21,43,44,0
1668087991.954094,-109,-95,19,43,44,0
1668087992.4139926,-110,-95,21,43,44,0
1668087993.1241145,-111,-120,19,0,44,0
1668087993.5742784,-112,-120,21,0,44,0
1668087994.034258,-112,-120,18,0,44,0
1668087994.494205,-112,-120,20,0,45,0
1668087994.94422,-111,-120,19,0,45,0
1668087995.6540592,-111,-120,19,0,49,0
1668087996.1142986,-111,-120,19,0,50,0
1668087996.5645263,-111,-99,21,46,50,0
1668087997.024206,-111,-99,19,45,51,0
1668087997.643784,-109,-99,19,45,53,0
1668087998.1841502,-109,-99,20,45,55,0
1668087998.5744915,-109,-100,21,44,58,0
1668087999.0240273,-109,-100,18,48,59,0
1668087999.5641024,-109,-100,20,44,60,0
1668088000.0242705,-108,-99,18,47,61,0
1668088000.6342635,-108,-99,19,44,63,0
1668088001.084175,-108,-99,22,44,64,0
1668088001.64428,-108,-99,18,44,66,0
1668088002.1041472,-108,-99,19,51,67,0
1668088002.7942812,-108,-99,20,51,69,0
1668088003.2541785,-108,-99,19,51,72,0
1668088003.7239726,-108,-99,20,51,76,0
1668088004.184166,-108,-99,18,47,76,0
1668088004.653931,-108,-99,20,47,78,0
1668088005.2443244,-108,-99,21,47,81,0
1668088005.7044933,-108,-99,21,38,81,0
1668088006.164308,-108,-99,20,38,82,0
1668088006.6140702,-108,-99,21,38,83,0
1668088007.1740596,-108,-99,19,43,84,0
1668088007.6441338,-109,-99,19,43,86,0
1668088008.2340572,-109,-99,19,43,89,0
1668088008.6940606,-108,-99,22,40,91,0
1668088009.254044,-108,-99,21,43,92,0
1668088009.724279,-108,-100,18,50,93,0
1668088010.1843188,-106,-99,20,51,94,0
1668088010.8741188,-106,-99,19,51,94,0
1668088011.3442192,-106,-99,19,51,94,0
1668088011.8043563,-106,-99,19,51,94,0
1668088012.2643661,-108,-99,18,51,94,0
1668088012.7337487,-109,-99,18,51,95,0
1668088013.424096,-111,-99,20,51,95,0
1668088013.8841684,-112,-120,19,0,95,0
1668088014.3545306,-111,-120,19,0,95,0
1668088014.8139808,-112,-120,20,0,95,0
1668088015.2742,-112,-120,20,0,95,0
1668088015.9540765,-111,-96,21,52,95,0
1668088016.414258,-111,-96,19,52,96,0
1668088016.8742485,-109,-96,20,60,96,0
1668088017.3342602,-108,-96,22,40,97,0
1668088017.794165,-108,-96,21,47,98,0
1668088018.4143143,-108,-96,19,48,101,0
1668088018.854085,-108,-96,19,48,103,0
1668088019.413932,-108,-96,21,48,103,0
1668088019.8740754,-108,-96,19,48,103,0
1668088020.3445787,-109,-96,20,48,103,0
1668088021.0241125,-109,-96,20,48,103,0
1668088021.4942594,-111,-96,18,48,103,0
1668088021.9542348,-111,-96,20,48,103,0
1668088022.4242373,-111,-120,19,0,103,0
1668088022.884183,-111,-120,19,0,103,0
1668088023.5741606,-110,-120,20,0,104,0
1668088023.934208,-109,-120,18,0,106,0
1668088024.4940412,-109,-120,19,0,106,0
1668088024.964129,-110,-120,19,0,107,0
1668088025.403923,-110,-120,17,0,107,0
1668088026.1140702,-110,-120,19,0,107,0
1668088026.5741537,-110,-120,20,0,108,0
1668088026.93449,-110,-101,20,42,109,0
1668088027.4940073,-110,-101,18,43,110,0
1668088027.954484,-110,-101,19,43,111,0
1668088028.6440048,-109,-101,19,43,115,0
1668088029.1040406,-110,-101,18,43,116,0
1668088029.5739074,-109,-101,19,43,117,0
1668088030.034248,-109,-103,22,45,117,0
1668088030.4941733,-109,-103,20,45,119,0
1668088031.1841328,-109,-103,20,45,120,0
1668088031.65424,-108,-103,21,45,121,0
1668088032.1038551,-107,-103,19,45,121,0
1668088032.5740077,-107,-103,20,45,121,0
1668088033.0341303,-107,-103,17,45,121,0
1668088033.7240572,-106,-103,20,45,122,0
1668088034.18414,-106,-103,18,45,122,0
1668088034.6541016,-107,-103,18,45,122,0
1668088035.1039088,-107,-103,20,45,122,0
1668088035.5739958,-107,-103,18,45,123,0
1668088036.2542415,-108,-103,20,45,125,0
1668088036.7242153,-108,-102,19,43,128,0
1668088037.1841958,-108,-102,19,43,129,0
1668088037.6543772,-109,-102,20,43,129,0
1668088038.1138232,-109,-102,19,45,131,0
1668088038.8045511,-109,-102,21,43,133,0
1668088039.2745652,-109,-102,22,43,133,0
1668088039.7342591,-109,-102,23,43,133,0
1668088040.1941538,-110,-102,19,43,133,0
1668088040.6442842,-110,-102,20,47,133,0
1668088041.3343124,-110,-102,18,47,133,0
1668088041.7940595,-110,-102,22,47,133,0
1668088042.2641845,-110,-102,20,47,133,0
1668088042.7239194,-111,-102,21,47,133,0
1668088043.1941097,-111,-102,22,47,133,0
1668088043.8845885,-111,-120,19,0,133,0
1668088044.344154,-111,-120,18,0,133,0
1668088044.8043458,-111,-120,19,0,133,0
1668088045.2739902,-111,-120,19,0,133,0
1668088045.734225,-111,-120,19,0,133,0
1668088046.4242334,-111,-120,20,0,133,0
1668088046.8940063,-111,-120,19,0,133,0
1668088047.3539658,-111,-120,19,0,133,0
1668088047.814009,-110,-120,20,0,134,0
1668088048.2845204,-110,-120,21,0,134,0
1668088048.9741788,-110,-120,19,0,137,0
1668088049.434124,-110,-120,19,0,137,0
1668088049.904223,-110,-120,19,0,137,0
1668088050.3642676,-110,-120,22,0,137,0
1668088050.8344793,-110,-120,20,0,137,0
1668088051.5141616,-110,-120,20,0,137,0
1668088051.9841845,-110,-120,21,0,137,0
1668088052.4445338,-110,-120,21,0,137,0
1668088052.913985,-110,-120,20,0,137,0
1668088053.374229,-110,-120,19,0,137,0
1668088054.0639126,-110,-120,17,0,137,0
1668088054.5238056,-111,-120,19,0,137,0
1668088054.9940176,-111,-120,19,0,137,0
1668088055.4541752,-111,-120,18,0,137,0
1668088055.923784,-112,-120,20,0,137,0
1668088056.614065,-112,-120,20,0,137,0
1668088057.0739708,-112,-120,20,0,137,0
1668088057.5336692,-112,-120,18,0,137,0
1668088058.0036466,-112,-120,19,0,137,0
1668088058.453535,-112,-120,20,0,137,0
1668088059.1537216,-114,-120,20,0,137,0
1668088059.6138322,-115,-120,19,0,137,0
1668088060.084014,-115,-120,21,0,137,0
1668088060.533848,-116,-120,22,0,137,0
1668088060.9939933,-116,-120,18,0,137,0
1668088061.7040007,-118,-120,19,0,137,0
1668088062.1437466,-118,-120,20,0,137,0
1668088062.6138744,-118,-120,19,0,137,0
1668088063.0737357,-118,-120,20,0,137,0
1668088063.543555,-118,-120,20,0,137,0
1668088064.0038154,-118,-120,17,0,137,0
1668088064.694279,-118,-120,19,0,137,0
1668088065.1541753,-118,-120,18,0,137,0
1668088065.62409,-118,-120,19,0,137,0
1668088066.0843077,-118,-120,21,0,137,0
1668088066.5538723,-118,-120,19,0,137,0
1668088067.2443311,-118,-120,19,0,137,0
1668088067.7042696,-118,-120,20,0,137,0
1668088068.1635826,-118,-120,18,0,137,0
1668088068.6344404,-118,-120,18,0,137,0
1668088069.094228,-118,-120,18,0,137,0
1668088069.7841573,-118,-120,19,0,137,0
1668088070.2543108,-118,-120,20,0,137,0
1668088070.7140965,-118,-120,17,0,137,0
1668088071.1742146,-118,-120,17,0,137,0
1668088071.6439621,-118,-120,18,0,137,0
1668088072.334302,-118,-120,20,0,137,0
1668088072.7937293,-118,-120,19,0,137,0
1668088073.2644222,-118,-120,21,0,137,0
1668088073.7241602,-118,-120,19,0,137,0
1668088074.1841211,-118,-120,19,0,137,0
1668088074.8742921,-118,-120,20,0,137,0
1668088075.3442366,-118,-120,19,0,137,0
1668088075.8041742,-118,-120,18,0,137,0
1668088076.2742798,-118,-120,19,0,137,0
1668088076.7343106,-118,-120,17,0,137,0
1668088077.4242299,-118,-120,18,0,137,0
1668088077.8842092,-118,-120,20,0,137,0
1668088078.3543236,-118,-120,19,0,137,0
1668088078.8142307,-118,-120,21,0,137,0
1668088079.2643666,-118,-120,19,0,137,0
1668088079.9640162,-118,-120,20,0,137,0
1668088080.4342935,-117,-120,18,0,137,0
1668088080.8844004,-116,-120,18,0,137,0
1668088081.3442273,-116,-120,18,0,137,0
1668088081.8141627,-116,-120,20,0,137,0
1668088082.514123,-116,-120,18,0,137,0
1668088082.9840274,-116,-120,20,0,137,0
1668088083.4239469,-116,-120,17,0,137,0
1668088083.8939128,-116,-120,17,0,137,0
1668088084.3541443,-116,-120,17,0,137,0
1668088085.0645163,-116,-120,19,0,137,0
1668088085.5041556,-115,-120,19,0,137,0
1668088085.974253,-114,-120,17,0,137,0
1668088086.4343061,-113,-120,19,0,137,0
1668088086.9042041,-112,-120,19,0,137,0
1668088087.593993,-111,-103,18,41,137,0
1668088087.9543438,-109,-103,20,41,137,0
1668088088.4043458,-109,-103,20,41,138,0
1668088089.1040437,-107,-103,18,41,140,0
1668088089.564366,-107,-103,19,41,140,0
1668088090.0342777,-106,-103,21,41,140,0
1668088090.494215,-106,-103,19,41,140,0
1668088090.9542046,-108,-103,19,41,141,0
1668088091.64428,-106,-103,17,41,141,0
1668088092.1041756,-106,-103,17,41,141,0
1668088092.5742385,-109,-103,19,41,142,0
1668088093.024194,-109,-103,18,41,144,0
1668088093.484131,-109,-103,17,41,145,0
1668088094.0741103,-106,-103,21,41,145,0
1668088094.5541804,-102,-103,18,39,145,0
1668088095.1039228,-102,-102,21,39,145,0
1668088095.5745459,-102,-102,20,39,145,0
1668088096.024178,-104,-102,21,39,145,0
1668088096.6241019,-104,-102,21,41,146,0
1668088097.0942416,-105,-102,20,41,147,0
1668088097.644096,-105,-102,21,41,147,0
1668088098.0941749,-105,-102,18,41,147,0
1668088098.564247,-104,-102,21,41,147,0
1668088099.2541802,-103,-102,20,41,147,0
1668088099.6443112,-101,-101,20,40,147,0
1668088100.193965,-102,-101,19,40,148,0
1668088100.6340754,-102,-101,19,40,149,0
1668088101.1042202,-103,-101,20,40,151,0
1668088101.794199,-103,-100,21,41,151,0
1668088102.2641075,-103,-100,19,41,151,0
1668088102.713895,-103,-100,21,32,152,0
1668088103.1743257,-104,-100,22,32,152,0
1668088103.644098,-103,-100,19,32,152,0
1668088104.334198,-101,-100,21,39,152,0
1668088104.794164,-99,-100,19,34,152,0
1668088105.1942034,-98,-99,19,41,152,0
1668088105.7240703,-101,-99,19,41,152,0
1668088106.1842287,-101,-99,21,41,152,0
1668088106.8742454,-104,-100,18,52,152,0
1668088107.2440686,-106,-101,20,38,152,0
1668088107.8040533,-106,-101,21,38,152,0
1668088108.2640388,-106,-101,19,38,152,0
1668088108.7239006,-107,-101,20,34,153,0
1668088109.1743605,-107,-101,19,34,159,0
1668088109.874364,-108,-104,20,44,161,0
1668088110.2442808,-108,-103,21,44,163,0
1668088110.8042004,-108,-103,18,44,163,0
1668088111.2542658,-108,-104,19,37,164,0
1668088111.8541722,-104,-104,20,45,164,0
1668088112.4140236,-105,-104,21,45,166,0
1668088112.8041446,-104,-103,18,45,166,0
1668088113.3441677,-102,-103,19,45,166,0
1668088113.8043647,-100,-102,20,38,166,0
1668088114.2541873,-98,-101,19,44,166,0
1668088114.8638873,-98,-100,20,39,166,0
1668088115.3341513,-99,-100,20,39,166,0
1668088115.7745712,-100,-100,20,40,166,0
1668088116.3341048,-98,-100,20,45,166,0
1668088116.7941291,-98,-100,19,38,166,0
1668088117.4042137,-97,-100,20,42,166,0
1668088117.8538706,-97,-100,18,42,166,0
1668088118.3140004,-97,-100,19,45,166,0
1668088118.8640454,-98,-100,21,45,166,0
1668088119.3340626,-99,-99,21,40,166,0
1668088119.9542043,-97,-98,20,42,166,0
1668088120.4442163,-97,-98,20,43,166,0
1668088120.8641512,-96,-99,19,47,166,0
1668088121.404322,-96,-99,19,40,166,0
1668088121.8742971,-96,-98,19,37,166,0
1668088122.5041864,-99,-98,21,46,166,0
1668088122.9440846,-99,-98,21,41,166,0
1668088123.403953,-97,-96,20,38,166,0
1668088123.9542308,-99,-96,21,46,166,0
1668088124.4140532,-97,-96,20,53,166,0
1668088125.0542626,-99,-98,20,44,166,0
1668088125.4740753,-96,-98,20,44,166,0
1668088125.934471,-96,-98,19,44,166,0
1668088126.4838562,-96,-98,19,43,166,0
1668088126.9541757,-96,-98,20,36,166,0
1668088127.574295,-99,-98,21,39,166,0
1668088128.0142148,-102,-98,19,37,166,0
1668088128.5143583,-101,-98,20,39,166,0
1668088129.0343325,-102,-98,20,50,166,0
1668088129.494393,-102,-98,18,44,166,0
1668088130.0940495,-101,-99,19,36,166,0
1668088130.5845282,-101,-99,18,46,166,0
1668088131.004284,-102,-100,22,42,166,0
1668088131.5641973,-103,-100,19,42,167,0
1668088132.0242462,-103,-100,20,38,169,0
1668088132.6142554,-104,-100,18,38,170,0
1668088133.1041079,-103,-100,22,38,172,0
1668088133.6540287,-104,-100,19,38,173,0
1668088134.104206,-104,-101,21,36,173,0
1668088134.5742564,-102,-101,20,46,173,0
1668088135.0242777,-101,-100,20,39,173,0
1668088135.644306,-100,-100,21,39,174,0
1668088136.0841544,-101,-100,20,39,174,0
1668088136.6544545,-102,-100,21,39,176,0
1668088137.1139092,-104,-101,19,38,176,0
1668088137.5642622,-104,-101,19,45,176,0
1668088138.144262,-103,-103,18,50,177,0
1668088138.6645827,-103,-102,19,41,177,0
1668088139.0842462,-104,-102,22,45,177,0
1668088139.6444597,-103,-101,18,42,177,0
1668088140.1041787,-103,-101,20,42,178,0
1668088140.7041395,-102,-101,19,36,178,0
1668088141.174129,-103,-101,21,36,178,0
1668088141.6340256,-102,-101,20,43,178,0
1668088142.194208,-102,-101,20,42,178,0
1668088142.6542623,-100,-101,19,44,178,0
1668088143.2343044,-101,-100,19,43,178,0
1668088143.7040875,-101,-101,20,46,178,0
1668088144.1642027,-101,-100,21,40,178,0
1668088144.7239137,-101,-99,20,40,178,0
1668088145.1942887,-98,-98,19,38,178,0
1668088145.7841551,-98,-96,18,43,178,0
1668088146.284266,-99,-96,22,38,178,0
1668088146.7540045,-101,-96,19,43,178,0
1668088147.2541008,-102,-96,20,43,180,0
1668088147.724245,-104,-97,22,42,181,0
1668088148.3141534,-103,-97,19,41,181,0
1668088148.784248,-101,-97,21,40,181,0
1668088149.2641237,-99,-96,18,41,181,0
1668088149.794196,-100,-96,21,44,181,0
1668088150.264161,-99,-96,20,42,181,0
1668088150.8942997,-101,-96,20,45,181,0
1668088151.3342996,-101,-97,20,40,181,0
1668088151.7840579,-101,-98,21,47,181,0
1668088152.3341496,-101,-97,19,40,181,0
1668088152.8041813,-101,-98,21,38,181,0
1668088153.404062,-102,-98,21,43,181,0
1668088153.854064,-103,-98,21,42,181,0
1668088154.364176,-103,-99,19,43,181,0
1668088154.8040066,-105,-98,21,38,182,0
1668088155.3342636,-105,-99,22,43,182,0
1668088156.0244014,-104,-99,21,40,183,0
1668088156.4239264,-102,-99,24,39,183,0
1668088156.864161,-100,-99,17,37,183,0
1668088157.3938339,-99,-99,19,46,183,0
1668088157.8739893,-97,-99,20,46,183,0
1668088158.533896,-96,-96,17,42,183,0
1668088158.964222,-95,-96,20,40,183,0
1668088159.3940406,-95,-95,19,36,183,0
1668088159.9539144,-99,-95,19,42,183,0
1668088160.4243844,-99,-95,20,42,183,0
1668088161.0944948,-100,-96,22,51,183,0
1668088161.4942403,-100,-96,20,43,183,0
1668088161.9439886,-100,-96,21,39,183,0
1668088162.4441664,-100,-96,20,41,183,0
1668088162.9440327,-101,-96,20,41,183,0
1668088163.56417,-99,-98,20,39,183,0
1668088164.0842793,-97,-98,19,41,183,0
1668088164.4642801,-96,-97,18,39,183,0
1668088165.0342937,-95,-97,20,39,183,0
1668088165.4942684,-96,-96,18,39,183,0
1668088166.1146345,-96,-97,17,44,183,0
1668088166.6543906,-97,-97,22,45,183,0
1668088166.9941797,-95,-97,20,45,183,0
1668088167.5743191,-94,-96,20,38,183,0
1668088168.044068,-97,-95,21,47,185,0
1668088168.4943748,-96,-95,22,45,185,0
1668088169.1541524,-92,-95,19,53,185,0
1668088169.5740006,-92,-95,20,53,185,0
1668088170.1140168,-91,-93,21,38,185,0
1668088170.5742576,-95,-92,20,42,185,0
1668088171.0342085,-96,-93,19,39,185,0
1668088171.6542287,-94,-94,20,51,185,0
1668088172.094325,-94,-94,16,51,185,0
1668088172.5441282,-92,-94,19,42,185,0
1668088173.1141727,-92,-94,21,46,185,0
1668088173.584241,-93,-93,18,43,185,0
1668088174.1740372,-93,-93,21,51,185,0
1668088174.7338464,-93,-94,19,39,185,0
1668088175.0938406,-92,-94,19,52,185,0
1668088175.6541266,-92,-94,19,43,185,0
1668088176.1139302,-92,-94,19,45,185,0
1668088176.7240384,-93,-94,22,43,185,0
1668088177.2341127,-95,-95,20,47,185,0
1668088177.6547983,-95,-95,20,41,185,0
1668088178.1938548,-95,-95,21,38,185,0
1668088178.6542032,-95,-96,20,48,185,0
1668088179.273983,-95,-96,19,41,185,0
1668088179.704,-92,-95,21,45,185,0
1668088180.1642022,-91,-92,21,39,185,0
1668088180.6639843,-92,-92,21,43,185,0
1668088181.1941888,-95,-92,20,43,185,0
1668088181.8039758,-98,-92,20,44,185,0
1668088182.2642002,-96,-93,20,45,185,0
1668088182.7345865,-94,-93,19,38,185,0
1668088183.274254,-94,-93,19,45,185,0
1668088183.7342143,-94,-93,18,44,185,0
1668088184.194154,-93,-92,21,46,185,0
1668088184.7741911,-91,-91,21,40,185,0
1668088185.2440808,-90,-90,21,40,185,0
1668088185.7340295,-91,-90,20,43,185,0
1668088186.274575,-92,-92,21,43,185,0
1668088186.7340066,-92,-92,19,42,185,0
1668088187.3443575,-91,-92,19,43,185,0
1668088187.7741365,-90,-90,19,46,185,0
1668088188.3541028,-90,-90,18,41,185,0
1668088188.8040955,-90,-90,20,47,185,0
1668088189.2742112,-90,-90,20,44,185,0
1668088189.864638,-90,-90,20,47,185,0
1668088190.3342154,-89,-89,19,42,185,0
1668088190.8843863,-89,-89,20,45,185,0
1668088191.3446543,-89,-89,20,38,185,0
1668088191.9340537,-87,-89,19,40,185,0
1668088192.413961,-87,-87,19,46,185,0
1668088192.8741903,-87,-87,21,44,185,0
1668088193.4240763,-86,-87,20,48,185,0
1668088193.8943036,-86,-86,20,47,185,0
1668088194.494273,-86,-86,20,39,185,0
1668088194.9542549,-86,-86,18,47,185,0
1668088195.4241803,-86,-85,20,46,185,0
1668088195.9641488,-85,-85,20,42,185,0
1668088196.4339216,-84,-84,20,42,185,0
1668088197.0142558,-84,-84,18,52,185,0
1668088197.564384,-84,-84,19,38,185,0
1668088197.9440813,-85,-84,22,42,185,0
1668088198.514167,-85,-84,21,43,185,0
1668088198.9641798,-85,-84,23,43,185,0
1668088199.5545864,-85,-85,19,39,185,0
1668088200.0241313,-85,-85,19,47,185,0
1668088200.4942455,-85,-85,19,45,185,0
1668088201.0438473,-85,-86,18,42,185,0
1668088201.5040867,-84,-85,19,51,185,0
1668088202.1046343,-84,-83,21,46,185,0
1668088202.5744061,-84,-83,20,44,185,0
1668088203.0242288,-83,-83,18,48,185,0
1668088203.5846183,-82,-82,20,45,185,0
1668088204.0640657,-82,-82,20,43,185,0
1668088204.654331,-82,-82,22,50,185,0
1668088205.1145327,-81,-82,20,46,185,0
1668088205.6142635,-80,-82,23,38,185,0
1668088206.1341493,-80,-82,19,48,185,0
1668088206.5940228,-79,-82,21,46,185,0
1668088207.1942713,-78,-80,20,47,185,0
1668088207.664547,-77,-78,20,38,185,0
1668088208.1043966,-76,-77,20,47,185,0
1668088208.6745374,-76,-77,21,40,185,0
1668088209.1341538,-76,-77,17,40,185,0
1668088209.7843382,-74,-76,18,46,185,0
1668088210.184274,-74,-75,21,40,185,0
1668088210.6644094,-73,-74,19,49,185,0
1668088211.2138996,-73,-73,20,46,185,0
1668088211.6745307,-72,-73,21,46,185,0
1668088212.324092,-72,-73,18,50,185,0
1668088212.7244558,-72,-72,20,46,185,0
1668088213.194167,-72,-71,20,44,185,0
1668088213.7343144,-71,-71,19,52,185,0
1668088214.2140372,-71,-71,21,52,185,0
1668088214.814001,-69,-69,20,50,185,0
1668088215.274239,-69,-69,19,47,185,0
1668088215.764205,-69,-69,20,42,185,0
1668088216.2941864,-68,-69,19,42,185,0
1668088216.7642303,-68,-69,19,53,185,0
1668088217.364391,-72,-71,21,45,185,0
1668088217.8343232,-72,-73,19,41,185,0
1668088218.2644026,-72,-73,20,48,185,0
1668088218.8342247,-71,-73,17,48,185,0
1668088219.29431,-69,-71,20,52,185,0
1668088219.7540193,-64,-68,20,52,185,0
1668088220.3846774,-65,-64,19,45,185,0
1668088220.8142676,-63,-64,21,45,185,0
1668088221.374125,-63,-64,19,42,185,0
1668088221.8338406,-65,-64,21,46,185,0
1668088222.4539561,-62,-60,24,44,185,0
1668088222.893877,-66,-56,20,45,185,0
1668088223.344015,-62,-56,20,45,185,0
1668088223.8440354,-58,-58,19,43,185,0
1668088224.3838904,-58,-58,20,43,185,0
1668088224.8341553,-58,-61,18,40,185,0
